Tue Jun 04 2024 15:41:18 GMT+0200 (Mitteleuropäische Sommerzeit),VDIC,write,QmUpfuGgxaBtrenwD9MCjVQjRKAxegntJZmi1FR9LQR7NH,100.78125,1249
Tue Jun 04 2024 15:41:18 GMT+0200 (Mitteleuropäische Sommerzeit),VDIC,write,QmNjkHbreLCquV2y6MkfYV3CjzFaeNXuKdi9NVmYcQPawP,10.078125,1345
Tue Jun 04 2024 15:41:18 GMT+0200 (Mitteleuropäische Sommerzeit),VDIC,write,QmP5m4vxj9uUwrEJG53bPw3X2onwoywqevrGZ2Yzfngoay,1.0078125,1488
Tue Jun 04 2024 15:41:18 GMT+0200 (Mitteleuropäische Sommerzeit),VDIC,write,QmTnLUvunkKkMzJJkzRjyXQnDweKD59YogBFMinzV7Sw9F,1007.8125,3042
Tue Jun 04 2024 15:41:23 GMT+0200 (Mitteleuropäische Sommerzeit),VDIC,write,QmP5m4vxj9uUwrEJG53bPw3X2onwoywqevrGZ2Yzfngoay,1.0078125,1711
Tue Jun 04 2024 15:41:23 GMT+0200 (Mitteleuropäische Sommerzeit),VDIC,write,QmNjkHbreLCquV2y6MkfYV3CjzFaeNXuKdi9NVmYcQPawP,10.078125,1947
Tue Jun 04 2024 15:41:23 GMT+0200 (Mitteleuropäische Sommerzeit),VDIC,write,QmUpfuGgxaBtrenwD9MCjVQjRKAxegntJZmi1FR9LQR7NH,100.78125,2506
Tue Jun 04 2024 15:41:23 GMT+0200 (Mitteleuropäische Sommerzeit),VDIC,write,QmTnLUvunkKkMzJJkzRjyXQnDweKD59YogBFMinzV7Sw9F,1007.8125,4759
Tue Jun 04 2024 15:41:28 GMT+0200 (Mitteleuropäische Sommerzeit),VDIC,write,QmP5m4vxj9uUwrEJG53bPw3X2onwoywqevrGZ2Yzfngoay,1.0078125,3000
Tue Jun 04 2024 15:41:28 GMT+0200 (Mitteleuropäische Sommerzeit),VDIC,write,QmNjkHbreLCquV2y6MkfYV3CjzFaeNXuKdi9NVmYcQPawP,10.078125,3123
Tue Jun 04 2024 15:41:28 GMT+0200 (Mitteleuropäische Sommerzeit),VDIC,write,QmUpfuGgxaBtrenwD9MCjVQjRKAxegntJZmi1FR9LQR7NH,100.78125,3710
Tue Jun 04 2024 15:41:33 GMT+0200 (Mitteleuropäische Sommerzeit),VDIC,write,QmNjkHbreLCquV2y6MkfYV3CjzFaeNXuKdi9NVmYcQPawP,10.078125,2683
Tue Jun 04 2024 15:41:33 GMT+0200 (Mitteleuropäische Sommerzeit),VDIC,write,QmUpfuGgxaBtrenwD9MCjVQjRKAxegntJZmi1FR9LQR7NH,100.78125,2823
Tue Jun 04 2024 15:41:33 GMT+0200 (Mitteleuropäische Sommerzeit),VDIC,write,QmP5m4vxj9uUwrEJG53bPw3X2onwoywqevrGZ2Yzfngoay,1.0078125,2858
Tue Jun 04 2024 15:41:28 GMT+0200 (Mitteleuropäische Sommerzeit),VDIC,write,QmTnLUvunkKkMzJJkzRjyXQnDweKD59YogBFMinzV7Sw9F,1007.8125,8763
Tue Jun 04 2024 15:41:38 GMT+0200 (Mitteleuropäische Sommerzeit),VDIC,write,QmUpfuGgxaBtrenwD9MCjVQjRKAxegntJZmi1FR9LQR7NH,100.78125,2677
Tue Jun 04 2024 15:41:38 GMT+0200 (Mitteleuropäische Sommerzeit),VDIC,write,QmP5m4vxj9uUwrEJG53bPw3X2onwoywqevrGZ2Yzfngoay,1.0078125,2741
Tue Jun 04 2024 15:41:38 GMT+0200 (Mitteleuropäische Sommerzeit),VDIC,write,QmNjkHbreLCquV2y6MkfYV3CjzFaeNXuKdi9NVmYcQPawP,10.078125,2787
Tue Jun 04 2024 15:41:33 GMT+0200 (Mitteleuropäische Sommerzeit),VDIC,write,QmTnLUvunkKkMzJJkzRjyXQnDweKD59YogBFMinzV7Sw9F,1007.8125,8296
Tue Jun 04 2024 15:41:43 GMT+0200 (Mitteleuropäische Sommerzeit),VDIC,write,QmUpfuGgxaBtrenwD9MCjVQjRKAxegntJZmi1FR9LQR7NH,100.78125,4295
Tue Jun 04 2024 15:41:43 GMT+0200 (Mitteleuropäische Sommerzeit),VDIC,write,QmNjkHbreLCquV2y6MkfYV3CjzFaeNXuKdi9NVmYcQPawP,10.078125,4495
Tue Jun 04 2024 15:41:43 GMT+0200 (Mitteleuropäische Sommerzeit),VDIC,write,QmP5m4vxj9uUwrEJG53bPw3X2onwoywqevrGZ2Yzfngoay,1.0078125,4627
Tue Jun 04 2024 15:41:38 GMT+0200 (Mitteleuropäische Sommerzeit),VDIC,write,QmTnLUvunkKkMzJJkzRjyXQnDweKD59YogBFMinzV7Sw9F,1007.8125,10747
Tue Jun 04 2024 15:41:48 GMT+0200 (Mitteleuropäische Sommerzeit),VDIC,write,QmNjkHbreLCquV2y6MkfYV3CjzFaeNXuKdi9NVmYcQPawP,10.078125,3107
Tue Jun 04 2024 15:41:48 GMT+0200 (Mitteleuropäische Sommerzeit),VDIC,write,QmP5m4vxj9uUwrEJG53bPw3X2onwoywqevrGZ2Yzfngoay,1.0078125,3313
Tue Jun 04 2024 15:41:48 GMT+0200 (Mitteleuropäische Sommerzeit),VDIC,write,QmUpfuGgxaBtrenwD9MCjVQjRKAxegntJZmi1FR9LQR7NH,100.78125,3678
Tue Jun 04 2024 15:41:43 GMT+0200 (Mitteleuropäische Sommerzeit),VDIC,write,QmTnLUvunkKkMzJJkzRjyXQnDweKD59YogBFMinzV7Sw9F,1007.8125,11981
Tue Jun 04 2024 15:41:54 GMT+0200 (Mitteleuropäische Sommerzeit),VDIC,write,QmUpfuGgxaBtrenwD9MCjVQjRKAxegntJZmi1FR9LQR7NH,100.78125,3860
Tue Jun 04 2024 15:41:54 GMT+0200 (Mitteleuropäische Sommerzeit),VDIC,write,QmP5m4vxj9uUwrEJG53bPw3X2onwoywqevrGZ2Yzfngoay,1.0078125,4306
Tue Jun 04 2024 15:41:54 GMT+0200 (Mitteleuropäische Sommerzeit),VDIC,write,QmNjkHbreLCquV2y6MkfYV3CjzFaeNXuKdi9NVmYcQPawP,10.078125,4469
Tue Jun 04 2024 15:41:48 GMT+0200 (Mitteleuropäische Sommerzeit),VDIC,write,QmTnLUvunkKkMzJJkzRjyXQnDweKD59YogBFMinzV7Sw9F,1007.8125,12396
Tue Jun 04 2024 15:41:59 GMT+0200 (Mitteleuropäische Sommerzeit),VDIC,write,QmP5m4vxj9uUwrEJG53bPw3X2onwoywqevrGZ2Yzfngoay,1.0078125,4682
Tue Jun 04 2024 15:41:59 GMT+0200 (Mitteleuropäische Sommerzeit),VDIC,write,QmNjkHbreLCquV2y6MkfYV3CjzFaeNXuKdi9NVmYcQPawP,10.078125,4862
Tue Jun 04 2024 15:41:59 GMT+0200 (Mitteleuropäische Sommerzeit),VDIC,write,QmUpfuGgxaBtrenwD9MCjVQjRKAxegntJZmi1FR9LQR7NH,100.78125,5248
Tue Jun 04 2024 15:41:18 GMT+0200 (Mitteleuropäische Sommerzeit),VDIC,write,QmYuD1VuCc7U2CnLZmgTZSUfd3pm1nPRdBVouGVuuZM4vh,10078.125,47183
Tue Jun 04 2024 15:41:54 GMT+0200 (Mitteleuropäische Sommerzeit),VDIC,write,QmTnLUvunkKkMzJJkzRjyXQnDweKD59YogBFMinzV7Sw9F,1007.8125,13189
Tue Jun 04 2024 15:42:04 GMT+0200 (Mitteleuropäische Sommerzeit),VDIC,write,QmP5m4vxj9uUwrEJG53bPw3X2onwoywqevrGZ2Yzfngoay,1.0078125,3784
Tue Jun 04 2024 15:42:04 GMT+0200 (Mitteleuropäische Sommerzeit),VDIC,write,QmNjkHbreLCquV2y6MkfYV3CjzFaeNXuKdi9NVmYcQPawP,10.078125,3922
Tue Jun 04 2024 15:42:04 GMT+0200 (Mitteleuropäische Sommerzeit),VDIC,write,QmUpfuGgxaBtrenwD9MCjVQjRKAxegntJZmi1FR9LQR7NH,100.78125,4060
Tue Jun 04 2024 15:41:59 GMT+0200 (Mitteleuropäische Sommerzeit),VDIC,write,QmTnLUvunkKkMzJJkzRjyXQnDweKD59YogBFMinzV7Sw9F,1007.8125,12464
Tue Jun 04 2024 15:42:09 GMT+0200 (Mitteleuropäische Sommerzeit),VDIC,write,QmNjkHbreLCquV2y6MkfYV3CjzFaeNXuKdi9NVmYcQPawP,10.078125,3472
Tue Jun 04 2024 15:42:09 GMT+0200 (Mitteleuropäische Sommerzeit),VDIC,write,QmUpfuGgxaBtrenwD9MCjVQjRKAxegntJZmi1FR9LQR7NH,100.78125,3685
Tue Jun 04 2024 15:42:09 GMT+0200 (Mitteleuropäische Sommerzeit),VDIC,write,QmP5m4vxj9uUwrEJG53bPw3X2onwoywqevrGZ2Yzfngoay,1.0078125,3688
Tue Jun 04 2024 15:42:04 GMT+0200 (Mitteleuropäische Sommerzeit),VDIC,write,QmTnLUvunkKkMzJJkzRjyXQnDweKD59YogBFMinzV7Sw9F,1007.8125,12774
Tue Jun 04 2024 15:42:14 GMT+0200 (Mitteleuropäische Sommerzeit),VDIC,write,QmNjkHbreLCquV2y6MkfYV3CjzFaeNXuKdi9NVmYcQPawP,10.078125,5081
Tue Jun 04 2024 15:42:14 GMT+0200 (Mitteleuropäische Sommerzeit),VDIC,write,QmUpfuGgxaBtrenwD9MCjVQjRKAxegntJZmi1FR9LQR7NH,100.78125,5087
Tue Jun 04 2024 15:42:14 GMT+0200 (Mitteleuropäische Sommerzeit),VDIC,write,QmP5m4vxj9uUwrEJG53bPw3X2onwoywqevrGZ2Yzfngoay,1.0078125,5506
Tue Jun 04 2024 15:42:09 GMT+0200 (Mitteleuropäische Sommerzeit),VDIC,write,QmTnLUvunkKkMzJJkzRjyXQnDweKD59YogBFMinzV7Sw9F,1007.8125,13585
Tue Jun 04 2024 15:42:19 GMT+0200 (Mitteleuropäische Sommerzeit),VDIC,write,QmNjkHbreLCquV2y6MkfYV3CjzFaeNXuKdi9NVmYcQPawP,10.078125,4640
Tue Jun 04 2024 15:42:19 GMT+0200 (Mitteleuropäische Sommerzeit),VDIC,write,QmP5m4vxj9uUwrEJG53bPw3X2onwoywqevrGZ2Yzfngoay,1.0078125,4828
Tue Jun 04 2024 15:42:19 GMT+0200 (Mitteleuropäische Sommerzeit),VDIC,write,QmUpfuGgxaBtrenwD9MCjVQjRKAxegntJZmi1FR9LQR7NH,100.78125,5464
Tue Jun 04 2024 15:42:24 GMT+0200 (Mitteleuropäische Sommerzeit),VDIC,write,QmNjkHbreLCquV2y6MkfYV3CjzFaeNXuKdi9NVmYcQPawP,10.078125,6842
Tue Jun 04 2024 15:42:24 GMT+0200 (Mitteleuropäische Sommerzeit),VDIC,write,QmUpfuGgxaBtrenwD9MCjVQjRKAxegntJZmi1FR9LQR7NH,100.78125,6881
Tue Jun 04 2024 15:42:24 GMT+0200 (Mitteleuropäische Sommerzeit),VDIC,write,QmP5m4vxj9uUwrEJG53bPw3X2onwoywqevrGZ2Yzfngoay,1.0078125,6913
Tue Jun 04 2024 15:42:14 GMT+0200 (Mitteleuropäische Sommerzeit),VDIC,write,QmTnLUvunkKkMzJJkzRjyXQnDweKD59YogBFMinzV7Sw9F,1007.8125,17378
Tue Jun 04 2024 15:42:29 GMT+0200 (Mitteleuropäische Sommerzeit),VDIC,write,QmP5m4vxj9uUwrEJG53bPw3X2onwoywqevrGZ2Yzfngoay,1.0078125,7371
Tue Jun 04 2024 15:42:29 GMT+0200 (Mitteleuropäische Sommerzeit),VDIC,write,QmNjkHbreLCquV2y6MkfYV3CjzFaeNXuKdi9NVmYcQPawP,10.078125,7593
Tue Jun 04 2024 15:42:29 GMT+0200 (Mitteleuropäische Sommerzeit),VDIC,write,QmUpfuGgxaBtrenwD9MCjVQjRKAxegntJZmi1FR9LQR7NH,100.78125,7598
Tue Jun 04 2024 15:42:34 GMT+0200 (Mitteleuropäische Sommerzeit),VDIC,write,QmUpfuGgxaBtrenwD9MCjVQjRKAxegntJZmi1FR9LQR7NH,100.78125,4410
Tue Jun 04 2024 15:42:19 GMT+0200 (Mitteleuropäische Sommerzeit),VDIC,write,QmTnLUvunkKkMzJJkzRjyXQnDweKD59YogBFMinzV7Sw9F,1007.8125,19870
Tue Jun 04 2024 15:41:23 GMT+0200 (Mitteleuropäische Sommerzeit),VDIC,write,QmYuD1VuCc7U2CnLZmgTZSUfd3pm1nPRdBVouGVuuZM4vh,10078.125,76988
Tue Jun 04 2024 15:42:34 GMT+0200 (Mitteleuropäische Sommerzeit),VDIC,write,QmNjkHbreLCquV2y6MkfYV3CjzFaeNXuKdi9NVmYcQPawP,10.078125,6563
Tue Jun 04 2024 15:42:34 GMT+0200 (Mitteleuropäische Sommerzeit),VDIC,write,QmP5m4vxj9uUwrEJG53bPw3X2onwoywqevrGZ2Yzfngoay,1.0078125,7003
Tue Jun 04 2024 15:42:39 GMT+0200 (Mitteleuropäische Sommerzeit),VDIC,write,QmUpfuGgxaBtrenwD9MCjVQjRKAxegntJZmi1FR9LQR7NH,100.78125,6737
Tue Jun 04 2024 15:42:39 GMT+0200 (Mitteleuropäische Sommerzeit),VDIC,write,QmNjkHbreLCquV2y6MkfYV3CjzFaeNXuKdi9NVmYcQPawP,10.078125,7825
Tue Jun 04 2024 15:42:39 GMT+0200 (Mitteleuropäische Sommerzeit),VDIC,write,QmP5m4vxj9uUwrEJG53bPw3X2onwoywqevrGZ2Yzfngoay,1.0078125,8089
Tue Jun 04 2024 15:42:24 GMT+0200 (Mitteleuropäische Sommerzeit),VDIC,write,QmTnLUvunkKkMzJJkzRjyXQnDweKD59YogBFMinzV7Sw9F,1007.8125,23942
Tue Jun 04 2024 15:42:29 GMT+0200 (Mitteleuropäische Sommerzeit),VDIC,write,QmTnLUvunkKkMzJJkzRjyXQnDweKD59YogBFMinzV7Sw9F,1007.8125,21880
Tue Jun 04 2024 15:42:44 GMT+0200 (Mitteleuropäische Sommerzeit),VDIC,write,QmUpfuGgxaBtrenwD9MCjVQjRKAxegntJZmi1FR9LQR7NH,100.78125,7203
Tue Jun 04 2024 15:42:44 GMT+0200 (Mitteleuropäische Sommerzeit),VDIC,write,QmNjkHbreLCquV2y6MkfYV3CjzFaeNXuKdi9NVmYcQPawP,10.078125,7425
Tue Jun 04 2024 15:42:44 GMT+0200 (Mitteleuropäische Sommerzeit),VDIC,write,QmP5m4vxj9uUwrEJG53bPw3X2onwoywqevrGZ2Yzfngoay,1.0078125,7459
Tue Jun 04 2024 15:42:34 GMT+0200 (Mitteleuropäische Sommerzeit),VDIC,write,QmTnLUvunkKkMzJJkzRjyXQnDweKD59YogBFMinzV7Sw9F,1007.8125,19848
Tue Jun 04 2024 15:42:49 GMT+0200 (Mitteleuropäische Sommerzeit),VDIC,write,QmNjkHbreLCquV2y6MkfYV3CjzFaeNXuKdi9NVmYcQPawP,10.078125,5529
Tue Jun 04 2024 15:42:49 GMT+0200 (Mitteleuropäische Sommerzeit),VDIC,write,QmP5m4vxj9uUwrEJG53bPw3X2onwoywqevrGZ2Yzfngoay,1.0078125,5810
Tue Jun 04 2024 15:42:49 GMT+0200 (Mitteleuropäische Sommerzeit),VDIC,write,QmUpfuGgxaBtrenwD9MCjVQjRKAxegntJZmi1FR9LQR7NH,100.78125,5902
Tue Jun 04 2024 15:42:39 GMT+0200 (Mitteleuropäische Sommerzeit),VDIC,write,QmTnLUvunkKkMzJJkzRjyXQnDweKD59YogBFMinzV7Sw9F,1007.8125,20127
Tue Jun 04 2024 15:42:54 GMT+0200 (Mitteleuropäische Sommerzeit),VDIC,write,QmP5m4vxj9uUwrEJG53bPw3X2onwoywqevrGZ2Yzfngoay,1.0078125,7312
Tue Jun 04 2024 15:42:54 GMT+0200 (Mitteleuropäische Sommerzeit),VDIC,write,QmNjkHbreLCquV2y6MkfYV3CjzFaeNXuKdi9NVmYcQPawP,10.078125,7504
Tue Jun 04 2024 15:42:54 GMT+0200 (Mitteleuropäische Sommerzeit),VDIC,write,QmUpfuGgxaBtrenwD9MCjVQjRKAxegntJZmi1FR9LQR7NH,100.78125,7771
Tue Jun 04 2024 15:42:44 GMT+0200 (Mitteleuropäische Sommerzeit),VDIC,write,QmTnLUvunkKkMzJJkzRjyXQnDweKD59YogBFMinzV7Sw9F,1007.8125,19801
Tue Jun 04 2024 15:43:00 GMT+0200 (Mitteleuropäische Sommerzeit),VDIC,write,QmUpfuGgxaBtrenwD9MCjVQjRKAxegntJZmi1FR9LQR7NH,100.78125,6696
Tue Jun 04 2024 15:43:00 GMT+0200 (Mitteleuropäische Sommerzeit),VDIC,write,QmNjkHbreLCquV2y6MkfYV3CjzFaeNXuKdi9NVmYcQPawP,10.078125,6869
Tue Jun 04 2024 15:43:00 GMT+0200 (Mitteleuropäische Sommerzeit),VDIC,write,QmP5m4vxj9uUwrEJG53bPw3X2onwoywqevrGZ2Yzfngoay,1.0078125,6981
Tue Jun 04 2024 15:41:28 GMT+0200 (Mitteleuropäische Sommerzeit),VDIC,write,QmYuD1VuCc7U2CnLZmgTZSUfd3pm1nPRdBVouGVuuZM4vh,10078.125,98998
Tue Jun 04 2024 15:42:49 GMT+0200 (Mitteleuropäische Sommerzeit),VDIC,write,QmTnLUvunkKkMzJJkzRjyXQnDweKD59YogBFMinzV7Sw9F,1007.8125,19288
Tue Jun 04 2024 15:43:05 GMT+0200 (Mitteleuropäische Sommerzeit),VDIC,write,QmNjkHbreLCquV2y6MkfYV3CjzFaeNXuKdi9NVmYcQPawP,10.078125,4449
Tue Jun 04 2024 15:43:05 GMT+0200 (Mitteleuropäische Sommerzeit),VDIC,write,QmP5m4vxj9uUwrEJG53bPw3X2onwoywqevrGZ2Yzfngoay,1.0078125,6285
Tue Jun 04 2024 15:43:05 GMT+0200 (Mitteleuropäische Sommerzeit),VDIC,write,QmUpfuGgxaBtrenwD9MCjVQjRKAxegntJZmi1FR9LQR7NH,100.78125,6598
Tue Jun 04 2024 15:42:54 GMT+0200 (Mitteleuropäische Sommerzeit),VDIC,write,QmTnLUvunkKkMzJJkzRjyXQnDweKD59YogBFMinzV7Sw9F,1007.8125,21549
Tue Jun 04 2024 15:43:10 GMT+0200 (Mitteleuropäische Sommerzeit),VDIC,write,QmNjkHbreLCquV2y6MkfYV3CjzFaeNXuKdi9NVmYcQPawP,10.078125,8299
Tue Jun 04 2024 15:43:10 GMT+0200 (Mitteleuropäische Sommerzeit),VDIC,write,QmP5m4vxj9uUwrEJG53bPw3X2onwoywqevrGZ2Yzfngoay,1.0078125,8781
Tue Jun 04 2024 15:43:10 GMT+0200 (Mitteleuropäische Sommerzeit),VDIC,write,QmUpfuGgxaBtrenwD9MCjVQjRKAxegntJZmi1FR9LQR7NH,100.78125,9098
Tue Jun 04 2024 15:43:00 GMT+0200 (Mitteleuropäische Sommerzeit),VDIC,write,QmTnLUvunkKkMzJJkzRjyXQnDweKD59YogBFMinzV7Sw9F,1007.8125,20455
Tue Jun 04 2024 15:43:15 GMT+0200 (Mitteleuropäische Sommerzeit),VDIC,write,QmP5m4vxj9uUwrEJG53bPw3X2onwoywqevrGZ2Yzfngoay,1.0078125,8326
Tue Jun 04 2024 15:43:15 GMT+0200 (Mitteleuropäische Sommerzeit),VDIC,write,QmNjkHbreLCquV2y6MkfYV3CjzFaeNXuKdi9NVmYcQPawP,10.078125,8404
Tue Jun 04 2024 15:43:15 GMT+0200 (Mitteleuropäische Sommerzeit),VDIC,write,QmUpfuGgxaBtrenwD9MCjVQjRKAxegntJZmi1FR9LQR7NH,100.78125,8900
Tue Jun 04 2024 15:43:05 GMT+0200 (Mitteleuropäische Sommerzeit),VDIC,write,QmTnLUvunkKkMzJJkzRjyXQnDweKD59YogBFMinzV7Sw9F,1007.8125,20764
Tue Jun 04 2024 15:43:20 GMT+0200 (Mitteleuropäische Sommerzeit),VDIC,write,QmNjkHbreLCquV2y6MkfYV3CjzFaeNXuKdi9NVmYcQPawP,10.078125,5532
Tue Jun 04 2024 15:43:20 GMT+0200 (Mitteleuropäische Sommerzeit),VDIC,write,QmP5m4vxj9uUwrEJG53bPw3X2onwoywqevrGZ2Yzfngoay,1.0078125,6338
Tue Jun 04 2024 15:43:20 GMT+0200 (Mitteleuropäische Sommerzeit),VDIC,write,QmUpfuGgxaBtrenwD9MCjVQjRKAxegntJZmi1FR9LQR7NH,100.78125,6557
Tue Jun 04 2024 15:41:33 GMT+0200 (Mitteleuropäische Sommerzeit),VDIC,write,QmYuD1VuCc7U2CnLZmgTZSUfd3pm1nPRdBVouGVuuZM4vh,10078.125,119384
Tue Jun 04 2024 15:43:25 GMT+0200 (Mitteleuropäische Sommerzeit),VDIC,write,QmP5m4vxj9uUwrEJG53bPw3X2onwoywqevrGZ2Yzfngoay,1.0078125,9263
Tue Jun 04 2024 15:43:25 GMT+0200 (Mitteleuropäische Sommerzeit),VDIC,write,QmNjkHbreLCquV2y6MkfYV3CjzFaeNXuKdi9NVmYcQPawP,10.078125,9306
Tue Jun 04 2024 15:43:25 GMT+0200 (Mitteleuropäische Sommerzeit),VDIC,write,QmUpfuGgxaBtrenwD9MCjVQjRKAxegntJZmi1FR9LQR7NH,100.78125,9584
Tue Jun 04 2024 15:41:38 GMT+0200 (Mitteleuropäische Sommerzeit),VDIC,write,QmYuD1VuCc7U2CnLZmgTZSUfd3pm1nPRdBVouGVuuZM4vh,10078.125,116515
Tue Jun 04 2024 15:43:10 GMT+0200 (Mitteleuropäische Sommerzeit),VDIC,write,QmTnLUvunkKkMzJJkzRjyXQnDweKD59YogBFMinzV7Sw9F,1007.8125,26036
Tue Jun 04 2024 15:43:30 GMT+0200 (Mitteleuropäische Sommerzeit),VDIC,write,QmNjkHbreLCquV2y6MkfYV3CjzFaeNXuKdi9NVmYcQPawP,10.078125,7491
Tue Jun 04 2024 15:43:30 GMT+0200 (Mitteleuropäische Sommerzeit),VDIC,write,QmP5m4vxj9uUwrEJG53bPw3X2onwoywqevrGZ2Yzfngoay,1.0078125,7650
Tue Jun 04 2024 15:43:30 GMT+0200 (Mitteleuropäische Sommerzeit),VDIC,write,QmUpfuGgxaBtrenwD9MCjVQjRKAxegntJZmi1FR9LQR7NH,100.78125,8299
Tue Jun 04 2024 15:43:15 GMT+0200 (Mitteleuropäische Sommerzeit),VDIC,write,QmTnLUvunkKkMzJJkzRjyXQnDweKD59YogBFMinzV7Sw9F,1007.8125,24164
Tue Jun 04 2024 15:43:35 GMT+0200 (Mitteleuropäische Sommerzeit),VDIC,write,QmNjkHbreLCquV2y6MkfYV3CjzFaeNXuKdi9NVmYcQPawP,10.078125,5663
Tue Jun 04 2024 15:43:35 GMT+0200 (Mitteleuropäische Sommerzeit),VDIC,write,QmUpfuGgxaBtrenwD9MCjVQjRKAxegntJZmi1FR9LQR7NH,100.78125,5803
Tue Jun 04 2024 15:43:35 GMT+0200 (Mitteleuropäische Sommerzeit),VDIC,write,QmP5m4vxj9uUwrEJG53bPw3X2onwoywqevrGZ2Yzfngoay,1.0078125,5960
Tue Jun 04 2024 15:43:20 GMT+0200 (Mitteleuropäische Sommerzeit),VDIC,write,QmTnLUvunkKkMzJJkzRjyXQnDweKD59YogBFMinzV7Sw9F,1007.8125,21755
Tue Jun 04 2024 15:43:40 GMT+0200 (Mitteleuropäische Sommerzeit),VDIC,write,QmNjkHbreLCquV2y6MkfYV3CjzFaeNXuKdi9NVmYcQPawP,10.078125,7556
Tue Jun 04 2024 15:43:40 GMT+0200 (Mitteleuropäische Sommerzeit),VDIC,write,QmP5m4vxj9uUwrEJG53bPw3X2onwoywqevrGZ2Yzfngoay,1.0078125,7812
Tue Jun 04 2024 15:43:40 GMT+0200 (Mitteleuropäische Sommerzeit),VDIC,write,QmUpfuGgxaBtrenwD9MCjVQjRKAxegntJZmi1FR9LQR7NH,100.78125,7822
Tue Jun 04 2024 15:43:30 GMT+0200 (Mitteleuropäische Sommerzeit),VDIC,write,QmTnLUvunkKkMzJJkzRjyXQnDweKD59YogBFMinzV7Sw9F,1007.8125,20442
Tue Jun 04 2024 15:41:48 GMT+0200 (Mitteleuropäische Sommerzeit),VDIC,write,QmYuD1VuCc7U2CnLZmgTZSUfd3pm1nPRdBVouGVuuZM4vh,10078.125,122740
Tue Jun 04 2024 15:43:45 GMT+0200 (Mitteleuropäische Sommerzeit),VDIC,write,QmNjkHbreLCquV2y6MkfYV3CjzFaeNXuKdi9NVmYcQPawP,10.078125,6614
Tue Jun 04 2024 15:43:45 GMT+0200 (Mitteleuropäische Sommerzeit),VDIC,write,QmUpfuGgxaBtrenwD9MCjVQjRKAxegntJZmi1FR9LQR7NH,100.78125,6857
Tue Jun 04 2024 15:43:45 GMT+0200 (Mitteleuropäische Sommerzeit),VDIC,write,QmP5m4vxj9uUwrEJG53bPw3X2onwoywqevrGZ2Yzfngoay,1.0078125,6858
Tue Jun 04 2024 15:43:25 GMT+0200 (Mitteleuropäische Sommerzeit),VDIC,write,QmTnLUvunkKkMzJJkzRjyXQnDweKD59YogBFMinzV7Sw9F,1007.8125,28817
Tue Jun 04 2024 15:43:35 GMT+0200 (Mitteleuropäische Sommerzeit),VDIC,write,QmTnLUvunkKkMzJJkzRjyXQnDweKD59YogBFMinzV7Sw9F,1007.8125,20361
Tue Jun 04 2024 15:43:40 GMT+0200 (Mitteleuropäische Sommerzeit),VDIC,write,QmTnLUvunkKkMzJJkzRjyXQnDweKD59YogBFMinzV7Sw9F,1007.8125,21048
Tue Jun 04 2024 15:41:43 GMT+0200 (Mitteleuropäische Sommerzeit),VDIC,write,QmYuD1VuCc7U2CnLZmgTZSUfd3pm1nPRdBVouGVuuZM4vh,10078.125,141330
Tue Jun 04 2024 15:43:45 GMT+0200 (Mitteleuropäische Sommerzeit),VDIC,write,QmTnLUvunkKkMzJJkzRjyXQnDweKD59YogBFMinzV7Sw9F,1007.8125,20754
Tue Jun 04 2024 15:41:53 GMT+0200 (Mitteleuropäische Sommerzeit),VDIC,write,QmYuD1VuCc7U2CnLZmgTZSUfd3pm1nPRdBVouGVuuZM4vh,10078.125,134349
Tue Jun 04 2024 15:41:59 GMT+0200 (Mitteleuropäische Sommerzeit),VDIC,write,QmYuD1VuCc7U2CnLZmgTZSUfd3pm1nPRdBVouGVuuZM4vh,10078.125,130258
Tue Jun 04 2024 15:42:24 GMT+0200 (Mitteleuropäische Sommerzeit),VDIC,write,QmYuD1VuCc7U2CnLZmgTZSUfd3pm1nPRdBVouGVuuZM4vh,10078.125,109059
Tue Jun 04 2024 15:42:39 GMT+0200 (Mitteleuropäische Sommerzeit),VDIC,write,QmYuD1VuCc7U2CnLZmgTZSUfd3pm1nPRdBVouGVuuZM4vh,10078.125,94015
Tue Jun 04 2024 15:42:14 GMT+0200 (Mitteleuropäische Sommerzeit),VDIC,write,QmYuD1VuCc7U2CnLZmgTZSUfd3pm1nPRdBVouGVuuZM4vh,10078.125,119575
Tue Jun 04 2024 15:42:49 GMT+0200 (Mitteleuropäische Sommerzeit),VDIC,write,QmYuD1VuCc7U2CnLZmgTZSUfd3pm1nPRdBVouGVuuZM4vh,10078.125,83991
Tue Jun 04 2024 15:43:05 GMT+0200 (Mitteleuropäische Sommerzeit),VDIC,write,QmYuD1VuCc7U2CnLZmgTZSUfd3pm1nPRdBVouGVuuZM4vh,10078.125,68926
Tue Jun 04 2024 15:43:30 GMT+0200 (Mitteleuropäische Sommerzeit),VDIC,write,QmYuD1VuCc7U2CnLZmgTZSUfd3pm1nPRdBVouGVuuZM4vh,10078.125,43768
Tue Jun 04 2024 15:42:54 GMT+0200 (Mitteleuropäische Sommerzeit),VDIC,write,QmYuD1VuCc7U2CnLZmgTZSUfd3pm1nPRdBVouGVuuZM4vh,10078.125,79504
Tue Jun 04 2024 15:42:59 GMT+0200 (Mitteleuropäische Sommerzeit),VDIC,write,QmYuD1VuCc7U2CnLZmgTZSUfd3pm1nPRdBVouGVuuZM4vh,10078.125,74662
Tue Jun 04 2024 15:43:25 GMT+0200 (Mitteleuropäische Sommerzeit),VDIC,write,QmYuD1VuCc7U2CnLZmgTZSUfd3pm1nPRdBVouGVuuZM4vh,10078.125,49574
Tue Jun 04 2024 15:43:35 GMT+0200 (Mitteleuropäische Sommerzeit),VDIC,write,QmYuD1VuCc7U2CnLZmgTZSUfd3pm1nPRdBVouGVuuZM4vh,10078.125,39921
Tue Jun 04 2024 15:43:45 GMT+0200 (Mitteleuropäische Sommerzeit),VDIC,write,QmYuD1VuCc7U2CnLZmgTZSUfd3pm1nPRdBVouGVuuZM4vh,10078.125,31043
Tue Jun 04 2024 15:42:34 GMT+0200 (Mitteleuropäische Sommerzeit),VDIC,write,QmYuD1VuCc7U2CnLZmgTZSUfd3pm1nPRdBVouGVuuZM4vh,10078.125,102527
Tue Jun 04 2024 15:42:04 GMT+0200 (Mitteleuropäische Sommerzeit),VDIC,write,QmYuD1VuCc7U2CnLZmgTZSUfd3pm1nPRdBVouGVuuZM4vh,10078.125,133286
Tue Jun 04 2024 15:42:09 GMT+0200 (Mitteleuropäische Sommerzeit),VDIC,write,QmYuD1VuCc7U2CnLZmgTZSUfd3pm1nPRdBVouGVuuZM4vh,10078.125,129063
Tue Jun 04 2024 15:42:29 GMT+0200 (Mitteleuropäische Sommerzeit),VDIC,write,QmYuD1VuCc7U2CnLZmgTZSUfd3pm1nPRdBVouGVuuZM4vh,10078.125,109024
Tue Jun 04 2024 15:43:15 GMT+0200 (Mitteleuropäische Sommerzeit),VDIC,write,QmYuD1VuCc7U2CnLZmgTZSUfd3pm1nPRdBVouGVuuZM4vh,10078.125,63926
Tue Jun 04 2024 15:43:20 GMT+0200 (Mitteleuropäische Sommerzeit),VDIC,write,QmYuD1VuCc7U2CnLZmgTZSUfd3pm1nPRdBVouGVuuZM4vh,10078.125,59018
Tue Jun 04 2024 15:43:10 GMT+0200 (Mitteleuropäische Sommerzeit),VDIC,write,QmYuD1VuCc7U2CnLZmgTZSUfd3pm1nPRdBVouGVuuZM4vh,10078.125,69310
Tue Jun 04 2024 15:43:40 GMT+0200 (Mitteleuropäische Sommerzeit),VDIC,write,QmYuD1VuCc7U2CnLZmgTZSUfd3pm1nPRdBVouGVuuZM4vh,10078.125,39133
Tue Jun 04 2024 15:42:44 GMT+0200 (Mitteleuropäische Sommerzeit),VDIC,write,QmYuD1VuCc7U2CnLZmgTZSUfd3pm1nPRdBVouGVuuZM4vh,10078.125,97657
Tue Jun 04 2024 15:42:19 GMT+0200 (Mitteleuropäische Sommerzeit),VDIC,write,QmYuD1VuCc7U2CnLZmgTZSUfd3pm1nPRdBVouGVuuZM4vh,10078.125,126790
